movieRank,movieName,moviePic,starNum,quoteNum,movieDes
1,肖申克的救赎,https://img3.doubanio.com/view/photo/s_ratio_poster/public/p480747492.jpg,9.6,956948人评价,希望让人自由。
2,霸王别姬,https://img3.doubanio.com/view/photo/s_ratio_poster/public/p1910813120.jpg,9.5,693641人评价,风华绝代。
3,这个杀手不太冷,https://img3.doubanio.com/view/photo/s_ratio_poster/public/p511118051.jpg,9.4,905324人评价,怪蜀黍和小萝莉不得不说的故事。
4,阿甘正传,https://img1.doubanio.com/view/photo/s_ratio_poster/public/p510876377.jpg,9.4,769883人评价,一部美国近现代史。
5,美丽人生,https://img3.doubanio.com/view/photo/s_ratio_poster/public/p510861873.jpg,9.5,449914人评价,最美的谎言。
6,千与千寻,https://img3.doubanio.com/view/photo/s_ratio_poster/public/p1910830216.jpg,9.2,719767人评价,最好的宫崎骏，最好的久石让。 
7,泰坦尼克号,https://img3.doubanio.com/view/photo/s_ratio_poster/public/p457760035.jpg,9.2,710699人评价,失去的才是永恒的。 
8,辛德勒的名单,https://img3.doubanio.com/view/photo/s_ratio_poster/public/p492406163.jpg,9.4,411589人评价,拯救一个人，就是拯救整个世界。
9,盗梦空间,https://img3.doubanio.com/view/photo/s_ratio_poster/public/p513344864.jpg,9.3,815043人评价,诺兰给了我们一场无法盗取的梦。
10,机器人总动员,https://img3.doubanio.com/view/photo/s_ratio_poster/public/p449665982.jpg,9.3,533924人评价,小瓦力，大人生。
11,海上钢琴师,https://img1.doubanio.com/view/photo/s_ratio_poster/public/p511146807.jpg,9.2,632481人评价,每个人都要走一条自己坚定了的路，就算是粉身碎骨。 
12,三傻大闹宝莱坞,https://img3.doubanio.com/view/photo/s_ratio_poster/public/p579729551.jpg,9.1,725997人评价,英俊版憨豆，高情商版谢耳朵。
13,忠犬八公的故事,https://img3.doubanio.com/view/photo/s_ratio_poster/public/p524964016.jpg,9.2,497392人评价,永远都不能忘记你所爱的人。
14,放牛班的春天,https://img3.doubanio.com/view/photo/s_ratio_poster/public/p1910824951.jpg,9.2,486955人评价,天籁一般的童声，是最接近上帝的存在。 
15,大话西游之大圣娶亲,https://img3.doubanio.com/view/photo/s_ratio_poster/public/p2455050536.jpg,9.2,529708人评价,一生所爱。
16,教父,https://img3.doubanio.com/view/photo/s_ratio_poster/public/p2190556185.jpg,9.2,367743人评价,千万不要记恨你的对手，这样会让你失去理智。
17,龙猫,https://img3.doubanio.com/view/photo/s_ratio_poster/public/p456668316.jpg,9.1,449682人评价,人人心中都有个龙猫，童年就永远不会消失。
18,楚门的世界,https://img3.doubanio.com/view/photo/s_ratio_poster/public/p479682972.jpg,9.1,497055人评价,如果再也不能见到你，祝你早安，午安，晚安。
19,乱世佳人,https://img3.doubanio.com/view/photo/s_ratio_poster/public/p1963126880.jpg,9.2,287551人评价,Tomorrow is another day.
20,熔炉,https://img3.doubanio.com/view/photo/s_ratio_poster/public/p1363250216.jpg,9.2,288305人评价,我们一路奋战不是为了改变世界，而是为了不让世界改变我们。
21,触不可及,https://img3.doubanio.com/view/photo/s_ratio_poster/public/p1454261925.jpg,9.1,393529人评价,满满温情的高雅喜剧。
22,天堂电影院,https://img3.doubanio.com/view/photo/s_ratio_poster/public/p1910901025.jpg,9.1,326516人评价,那些吻戏，那些青春，都在影院的黑暗里被泪水冲刷得无比清晰。
23,当幸福来敲门,https://img1.doubanio.com/view/photo/s_ratio_poster/public/p1312700628.jpg,8.9,576991人评价,平民励志片。 
24,无间道,https://img3.doubanio.com/view/photo/s_ratio_poster/public/p2233971046.jpg,9.0,432062人评价,香港电影史上永不过时的杰作。
25,星际穿越,https://img3.doubanio.com/view/photo/s_ratio_poster/public/p2206088801.jpg,9.1,524773人评价,爱是一种力量，让我们超越时空感知它的存在。
26,怦然心动,https://img3.doubanio.com/view/photo/s_ratio_poster/public/p663036666.jpg,8.9,594947人评价,真正的幸福是来自内心深处。
27,十二怒汉,https://img3.doubanio.com/view/photo/s_ratio_poster/public/p2173577632.jpg,9.4,182579人评价,1957年的理想主义。 
28,搏击俱乐部,https://img1.doubanio.com/view/photo/s_ratio_poster/public/p1910926158.jpg,9.0,421636人评价,邪恶与平庸蛰伏于同一个母体，在特定的时间互相对峙。
29,少年派的奇幻漂流,https://img3.doubanio.com/view/photo/s_ratio_poster/public/p1784592701.jpg,9.0,613854人评价,瑰丽壮观、无人能及的冒险之旅。
30,指环王3：王者无敌,https://img3.doubanio.com/view/photo/s_ratio_poster/public/p1910825503.jpg,9.1,302023人评价,史诗的终章。
31,鬼子来了,https://img3.doubanio.com/view/photo/s_ratio_poster/public/p1181775734.jpg,9.2,246455人评价,对敌人的仁慈，就是对自己残忍。
32,蝙蝠侠：黑暗骑士,https://img3.doubanio.com/view/photo/s_ratio_poster/public/p462657443.jpg,9.0,346752人评价,无尽的黑暗。
33,天空之城,https://img1.doubanio.com/view/photo/s_ratio_poster/public/p1446261379.jpg,9.0,353380人评价,对天空的追逐，永不停止。 
34,活着,https://img3.doubanio.com/view/photo/s_ratio_poster/public/p2173575484.jpg,9.1,289578人评价,张艺谋最好的电影。
35,罗马假日,https://img3.doubanio.com/view/photo/s_ratio_poster/public/p2189265085.jpg,8.9,408744人评价,爱情哪怕只有一天。
36,大话西游之月光宝盒,https://img3.doubanio.com/view/photo/s_ratio_poster/public/p1280323646.jpg,8.9,427200人评价,旷古烁今。
37,飞屋环游记,https://img3.doubanio.com/view/photo/s_ratio_poster/public/p485887754.jpg,8.9,529246人评价,最后那些最无聊的事情，才是最值得怀念的。 
38,两杆大烟枪,https://img1.doubanio.com/view/photo/s_ratio_poster/public/p792443418.jpg,9.1,286838人评价,4个臭皮匠顶个诸葛亮，盖·里奇果然不是盖的。
39,窃听风暴,https://img1.doubanio.com/view/photo/s_ratio_poster/public/p1808872109.jpg,9.1,237221人评价,别样人生。
40,飞越疯人院,https://img1.doubanio.com/view/photo/s_ratio_poster/public/p792238287.jpg,9.0,290483人评价,自由万岁。
41,疯狂动物城,https://img1.doubanio.com/view/photo/s_ratio_poster/public/p2315672647.jpg,9.2,541843人评价,迪士尼给我们营造的乌托邦就是这样，永远善良勇敢，永远出乎意料。
42,控方证人,https://img1.doubanio.com/view/photo/s_ratio_poster/public/p1505392928.jpg,9.6,100565人评价,比利·怀德满分作品。
43,闻香识女人,https://img1.doubanio.com/view/photo/s_ratio_poster/public/p925123037.jpg,8.9,341425人评价,史上最美的探戈。
44,海豚湾,https://img3.doubanio.com/view/photo/s_ratio_poster/public/p455222172.jpg,9.3,189754人评价,海豚的微笑，是世界上最高明的伪装。
45,哈尔的移动城堡,https://img3.doubanio.com/view/photo/s_ratio_poster/public/p2174346180.jpg,8.9,373166人评价,带着心爱的人在天空飞翔。
46,V字仇杀队,https://img3.doubanio.com/view/photo/s_ratio_poster/public/p1465235231.jpg,8.8,442321人评价,一张面具背后的理想与革命。
47,教父2,https://img1.doubanio.com/view/photo/s_ratio_poster/public/p2194138787.jpg,9.1,198179人评价,优雅的孤独。
48,死亡诗社,https://img3.doubanio.com/view/photo/s_ratio_poster/public/p1910824340.jpg,8.9,294750人评价,当一个死水般的体制内出现一个活跃的变数时，所有的腐臭都站在了光明的对面。
49,美丽心灵,https://img3.doubanio.com/view/photo/s_ratio_poster/public/p1665997400.jpg,8.9,320271人评价,爱是一切逻辑和原由。
50,辩护人,https://img3.doubanio.com/view/photo/s_ratio_poster/public/p2158166535.jpg,9.1,221007人评价,电影的现实意义大过电影本身。
51,指环王2：双塔奇兵,https://img3.doubanio.com/view/photo/s_ratio_poster/public/p909265336.jpg,9.0,284634人评价,承前启后的史诗篇章。
52,指环王1：魔戒再现,https://img3.doubanio.com/view/photo/s_ratio_poster/public/p1354436051.jpg,8.9,318152人评价,传说的开始。
53,情书,https://img1.doubanio.com/view/photo/s_ratio_poster/public/p449897379.jpg,8.8,394390人评价,暗恋的极致。
54,饮食男女,https://img3.doubanio.com/view/photo/s_ratio_poster/public/p1910899751.jpg,9.1,211065人评价,人生不能像做菜，把所有的料都准备好了才下锅。
55,美国往事,https://img1.doubanio.com/view/photo/s_ratio_poster/public/p477229647.jpg,9.1,183647人评价,往事如烟，无处祭奠。
56,天使爱美丽,https://img3.doubanio.com/view/photo/s_ratio_poster/public/p803896904.jpg,8.7,502616人评价,法式小清新。 
57,狮子王,https://img1.doubanio.com/view/photo/s_ratio_poster/public/p726659067.jpg,8.9,296403人评价,动物版《哈姆雷特》。
58,钢琴家,https://img3.doubanio.com/view/photo/s_ratio_poster/public/p792484461.jpg,9.0,212031人评价,音乐能化解仇恨。
59,七宗罪,https://img3.doubanio.com/view/photo/s_ratio_poster/public/p457631605.jpg,8.7,453409人评价,警察抓小偷，老鼠玩死猫。
60,被嫌弃的松子的一生,https://img1.doubanio.com/view/photo/s_ratio_poster/public/p453723669.jpg,8.9,303248人评价,以戏谑来戏谑戏谑。
61,致命魔术,https://img3.doubanio.com/view/photo/s_ratio_poster/public/p480383375.jpg,8.8,360181人评价,孪生蝙蝠侠大战克隆金刚狼。
62,小鞋子,https://img3.doubanio.com/view/photo/s_ratio_poster/public/p2173580603.jpg,9.2,145732人评价,奔跑的孩子是天使。
63,素媛,https://img3.doubanio.com/view/photo/s_ratio_poster/public/p2118532944.jpg,9.1,192420人评价,受过伤害的人总是笑得最开心，因为他们不愿意让身边的人承受一样的痛苦。
64,勇敢的心,https://img3.doubanio.com/view/photo/s_ratio_poster/public/p1374546770.jpg,8.8,305849人评价,史诗大片的典范。
65,音乐之声,https://img1.doubanio.com/view/photo/s_ratio_poster/public/p453788577.jpg,8.9,241962人评价,用音乐化解仇恨，让歌声串起美好。
66,剪刀手爱德华,https://img1.doubanio.com/view/photo/s_ratio_poster/public/p480956937.jpg,8.7,504637人评价,浪漫忧郁的成人童话。
67,低俗小说,https://img3.doubanio.com/view/photo/s_ratio_poster/public/p1910902213.jpg,8.8,349762人评价,故事的高级讲法。
68,本杰明·巴顿奇事,https://img3.doubanio.com/view/photo/s_ratio_poster/public/p2192535722.jpg,8.7,410268人评价,在时间之河里感受溺水之苦。
69,黑客帝国,https://img3.doubanio.com/view/photo/s_ratio_poster/public/p1910908765.jpg,8.8,293982人评价,视觉革命。
70,西西里的美丽传说,https://img3.doubanio.com/view/photo/s_ratio_poster/public/p792400696.jpg,8.7,366691人评价,美丽无罪。
71,沉默的羔羊,https://img1.doubanio.com/view/photo/s_ratio_poster/public/p1593414327.jpg,8.7,368464人评价,安东尼·霍普金斯的顶级表演。
72,拯救大兵瑞恩,https://img3.doubanio.com/view/photo/s_ratio_poster/public/p1014542496.jpg,8.9,249572人评价,美利坚精神输出大片No1.
73,入殓师,https://img1.doubanio.com/view/photo/s_ratio_poster/public/p594972928.jpg,8.8,328591人评价,死可能是一道门，逝去并不是终结，而是超越，走向下一程。
74,蝴蝶效应,https://img1.doubanio.com/view/photo/s_ratio_poster/public/p2209066019.jpg,8.7,397113人评价,人的命运被自己瞬间的抉择改变。
75,玛丽和马克思,https://img1.doubanio.com/view/photo/s_ratio_poster/public/p1820615077.jpg,8.9,238561人评价,你是我最好的朋友，你是我唯一的朋友 。
76,让子弹飞,https://img1.doubanio.com/view/photo/s_ratio_poster/public/p1512562287.jpg,8.7,647870人评价,你给我翻译翻译，神马叫做TMD的惊喜。
77,春光乍泄,https://img3.doubanio.com/view/photo/s_ratio_poster/public/p465939041.jpg,8.8,257540人评价,爱情纠缠，男女一致。
78,大闹天宫,https://img1.doubanio.com/view/photo/s_ratio_poster/public/p2184505167.jpg,9.2,104943人评价,经典之作，历久弥新。
79,心灵捕手,https://img3.doubanio.com/view/photo/s_ratio_poster/public/p480965695.jpg,8.8,282537人评价,人生中应该拥有这样的一段豁然开朗。
80,幽灵公主,https://img3.doubanio.com/view/photo/s_ratio_poster/public/p1613191025.jpg,8.8,244507人评价,人与自然的战争史诗。
81,阳光灿烂的日子,https://img1.doubanio.com/view/photo/s_ratio_poster/public/p967457079.jpg,8.7,280891人评价,一场华丽的意淫。
82,第六感,https://img3.doubanio.com/view/photo/s_ratio_poster/public/p2220184425.jpg,8.8,243092人评价,深入内心的恐怖，出人意料的结局。
83,看不见的客人,https://img3.doubanio.com/view/photo/s_ratio_poster/public/p2498971355.jpg,8.7,317802人评价,你以为你以为的就是你以为的。
84,重庆森林,https://img3.doubanio.com/view/photo/s_ratio_poster/public/p792381411.jpg,8.7,343057人评价,寂寞没有期限。
85,大鱼,https://img3.doubanio.com/view/photo/s_ratio_poster/public/p692813374.jpg,8.7,261327人评价,抱着梦想而活着的人是幸福的，怀抱梦想而死去的人是不朽的。
86,末代皇帝,https://img3.doubanio.com/view/photo/s_ratio_poster/public/p452088641.jpg,8.9,175916人评价,“不要跟我比惨，我比你更惨”再适合这部电影不过了。
87,禁闭岛,https://img1.doubanio.com/view/photo/s_ratio_poster/public/p1832875827.jpg,8.6,373153人评价,昔日翩翩少年，今日大腹便便。
88,射雕英雄传之东成西就,https://img3.doubanio.com/view/photo/s_ratio_poster/public/p1993903133.jpg,8.7,285146人评价,百看不厌。 
89,狩猎,https://img1.doubanio.com/view/photo/s_ratio_poster/public/p1546987967.jpg,9.0,134261人评价,人言可畏。
90,甜蜜蜜,https://img3.doubanio.com/view/photo/s_ratio_poster/public/p2223011274.jpg,8.8,239731人评价,相逢只要一瞬间，等待却像是一辈子。
91,一一,https://img1.doubanio.com/view/photo/s_ratio_poster/public/p2119675128.jpg,8.9,161482人评价,我们都曾经是一一。
92,致命ID,https://img3.doubanio.com/view/photo/s_ratio_poster/public/p453720880.jpg,8.6,329924人评价,最不可能的那个人永远是最可能的。
93,布达佩斯大饭店,https://img3.doubanio.com/view/photo/s_ratio_poster/public/p2178872593.jpg,8.7,323496人评价,小清新的故事里注入了大历史的情怀。
94,阳光姐妹淘,https://img1.doubanio.com/view/photo/s_ratio_poster/public/p1374786017.jpg,8.8,278327人评价,再多各自牛逼的时光，也比不上一起傻逼的岁月。 
95,告白,https://img3.doubanio.com/view/photo/s_ratio_poster/public/p689520756.jpg,8.7,353758人评价,没有一人完全善，也没有一人完全恶。
96,上帝之城,https://img3.doubanio.com/view/photo/s_ratio_poster/public/p455677490.jpg,8.9,162188人评价,被上帝抛弃了的上帝之城。
97,摔跤吧！爸爸,https://img3.doubanio.com/view/photo/s_ratio_poster/public/p2457983084.jpg,9.1,461797人评价,
98,断背山,https://img1.doubanio.com/view/photo/s_ratio_poster/public/p513535588.jpg,8.6,330085人评价,每个人心中都有一座断背山。
99,哈利·波特与魔法石,https://img3.doubanio.com/view/photo/s_ratio_poster/public/p804947166.jpg,8.7,266988人评价,童话世界的开端。
100,加勒比海盗,https://img3.doubanio.com/view/photo/s_ratio_poster/public/p1596085504.jpg,8.6,356932人评价,约翰尼·德普的独角戏。
101,猫鼠游戏,https://img3.doubanio.com/view/photo/s_ratio_poster/public/p453924541.jpg,8.7,234432人评价,骗子大师和执著警探的你追我跑故事。 
102,摩登时代,https://img3.doubanio.com/view/photo/s_ratio_poster/public/p2173707976.jpg,9.2,92486人评价,大时代中的人生，小人物的悲喜。
103,爱在黎明破晓前,https://img3.doubanio.com/view/photo/s_ratio_poster/public/p452582315.jpg,8.7,227745人评价,缘分是个连绵词，最美不过一瞬。
104,阿凡达,https://img1.doubanio.com/view/photo/s_ratio_poster/public/p2180085848.jpg,8.6,543597人评价,绝对意义上的美轮美奂。
105,穿条纹睡衣的男孩,https://img3.doubanio.com/view/photo/s_ratio_poster/public/p1473670352.jpg,8.9,151619人评价,尽管有些不切实际的幻想，这部电影依旧是一部感人肺腑的佳作。
106,风之谷,https://img3.doubanio.com/view/photo/s_ratio_poster/public/p1917567652.jpg,8.8,181724人评价,动画片的圣经。
107,爱在日落黄昏时,https://img3.doubanio.com/view/photo/s_ratio_poster/public/p1910924055.jpg,8.7,204497人评价,九年后的重逢是世俗和责任的交叠，没了悸动和青涩，沧桑而温暖。
108,消失的爱人,https://img3.doubanio.com/view/photo/s_ratio_poster/public/p2221768894.jpg,8.7,366939人评价,年度最佳date movie。
109,侧耳倾听,https://img3.doubanio.com/view/photo/s_ratio_poster/public/p456692072.jpg,8.8,173693人评价,少女情怀总是诗。
110,萤火虫之墓,https://img1.doubanio.com/view/photo/s_ratio_poster/public/p1157334208.jpg,8.7,209088人评价,幸福是生生不息，却难以触及的远。 
111,超脱,https://img3.doubanio.com/view/photo/s_ratio_poster/public/p1305562621.jpg,8.8,177186人评价,穷尽一生，我们要学会的，不过是彼此拥抱。
112,驯龙高手,https://img1.doubanio.com/view/photo/s_ratio_poster/public/p450042258.jpg,8.7,292692人评价,和谐的生活离不开摸头与被摸头。
113,倩女幽魂,https://img3.doubanio.com/view/photo/s_ratio_poster/public/p2414157745.jpg,8.6,260455人评价,两张绝世的脸。 
114,红辣椒,https://img3.doubanio.com/view/photo/s_ratio_poster/public/p672363704.jpg,8.9,138461人评价,梦的勾结。
115,恐怖直播,https://img3.doubanio.com/view/photo/s_ratio_poster/public/p2016930906.jpg,8.7,226975人评价,恐怖分子的“秋菊打官司”。
116,菊次郎的夏天,https://img3.doubanio.com/view/photo/s_ratio_poster/public/p751835224.jpg,8.7,186728人评价,从没见过那么流氓的温柔，从没见过那么温柔的流氓。
117,幸福终点站,https://img3.doubanio.com/view/photo/s_ratio_poster/public/p792263736.jpg,8.6,230117人评价,有时候幸福需要等一等。 
118,岁月神偷,https://img3.doubanio.com/view/photo/s_ratio_poster/public/p456666151.jpg,8.6,313514人评价,岁月流逝，来日可追。
119,七武士,https://img3.doubanio.com/view/photo/s_ratio_poster/public/p647099823.jpg,9.2,79150人评价,时代悲歌。
120,海洋,https://img3.doubanio.com/view/photo/s_ratio_poster/public/p497010372.jpg,9.0,100501人评价,大海啊，不全是水。
121,神偷奶爸,https://img1.doubanio.com/view/photo/s_ratio_poster/public/p792776858.jpg,8.5,387008人评价,Mr. I Don't Care其实也有Care的时候。
122,借东西的小人阿莉埃蒂,https://img3.doubanio.com/view/photo/s_ratio_poster/public/p617533616.jpg,8.7,222143人评价,曾经的那段美好会沉淀为一辈子的记忆。
123,真爱至上,https://img3.doubanio.com/view/photo/s_ratio_poster/public/p475600770.jpg,8.5,321426人评价,爱，是个动词。
124,杀人回忆,https://img1.doubanio.com/view/photo/s_ratio_poster/public/p480225538.jpg,8.6,214407人评价,关于连环杀人悬案的集体回忆。
125,电锯惊魂,https://img3.doubanio.com/view/photo/s_ratio_poster/public/p2163771304.jpg,8.7,203225人评价,真相就在眼前。
126,谍影重重3,https://img1.doubanio.com/view/photo/s_ratio_poster/public/p792223507.jpg,8.7,184666人评价,像吃了苏打饼一样干脆的电影。
127,小森林 夏秋篇,https://img3.doubanio.com/view/photo/s_ratio_poster/public/p2221319641.jpg,8.9,133882人评价,那些静得只能听见呼吸的日子里，你明白孤独即生活。
128,贫民窟的百万富翁,https://img1.doubanio.com/view/photo/s_ratio_poster/public/p470476887.jpg,8.5,402713人评价,上帝之城+猜火车+阿甘正传+开心辞典=山寨富翁
129,喜剧之王,https://img3.doubanio.com/view/photo/s_ratio_poster/public/p1043597424.jpg,8.5,321564人评价,我是一个演员。
130,雨人,https://img3.doubanio.com/view/photo/s_ratio_poster/public/p942376281.jpg,8.6,213994人评价,生活在自己的世界里，也可以让周围的人显得可笑和渺小。
131,东邪西毒,https://img3.doubanio.com/view/photo/s_ratio_poster/public/p1982176012.jpg,8.6,256047人评价,电影诗。
132,记忆碎片,https://img3.doubanio.com/view/photo/s_ratio_poster/public/p641688453.jpg,8.5,285287人评价,一个针管引发的血案。
133,喜宴,https://img3.doubanio.com/view/photo/s_ratio_poster/public/p2173713676.jpg,8.8,142761人评价,中国家庭的喜怒哀乐忍。
134,燃情岁月,https://img1.doubanio.com/view/photo/s_ratio_poster/public/p1023654037.jpg,8.7,150991人评价,传奇，不是每个人都可以拥有。
135,怪兽电力公司,https://img1.doubanio.com/view/photo/s_ratio_poster/public/p1805127697.jpg,8.6,246212人评价,不要给它起名字，起了名字就有感情了。
136,疯狂原始人,https://img1.doubanio.com/view/photo/s_ratio_poster/public/p1867084027.jpg,8.7,377984人评价,老少皆宜，这就是好莱坞动画的魅力。
137,虎口脱险,https://img3.doubanio.com/view/photo/s_ratio_poster/public/p2399597512.jpg,8.9,109054人评价,永远看不腻的喜剧。
138,黑天鹅,https://img3.doubanio.com/view/photo/s_ratio_poster/public/p719282906.jpg,8.5,424991人评价,黑暗之美。
139,卢旺达饭店,https://img3.doubanio.com/view/photo/s_ratio_poster/public/p2159368352.jpg,8.8,122069人评价,当这个世界闭上双眼，他却敞开了怀抱。
140,英雄本色,https://img1.doubanio.com/view/photo/s_ratio_poster/public/p2504997087.jpg,8.6,168082人评价,英雄泪短，兄弟情长。 
141,恋恋笔记本,https://img3.doubanio.com/view/photo/s_ratio_poster/public/p483604864.jpg,8.5,287803人评价,爱情没有那么多借口，如果不能圆满，只能说明爱的不够。 
142,猜火车,https://img1.doubanio.com/view/photo/s_ratio_poster/public/p513567548.jpg,8.5,252499人评价,不可猜的青春迷笛。 
143,魂断蓝桥,https://img1.doubanio.com/view/photo/s_ratio_poster/public/p2351134499.jpg,8.8,131347人评价,中国式内在的美国电影。
144,穿越时空的少女,https://img3.doubanio.com/view/photo/s_ratio_poster/public/p2079334286.jpg,8.6,188405人评价,爱上未来的你。 
145,傲慢与偏见,https://img3.doubanio.com/view/photo/s_ratio_poster/public/p452005185.jpg,8.4,307547人评价,爱是摈弃傲慢与偏见之后的曙光。
146,教父3,https://img3.doubanio.com/view/photo/s_ratio_poster/public/p2169664351.jpg,8.8,132771人评价,任何信念的力量，都无法改变命运。
147,雨中曲,https://img3.doubanio.com/view/photo/s_ratio_poster/public/p1612355875.jpg,8.9,94481人评价,骨灰级歌舞片。
148,完美的世界,https://img3.doubanio.com/view/photo/s_ratio_poster/public/p792403691.jpg,9.0,81689人评价,坏人的好总是比好人的好来得更感人。
149,纵横四海,https://img3.doubanio.com/view/photo/s_ratio_poster/public/p2272146906.jpg,8.7,148501人评价,香港浪漫主义警匪动作片的巅峰之作。
150,海边的曼彻斯特,https://img1.doubanio.com/view/photo/s_ratio_poster/public/p2496940327.jpg,8.6,186829人评价,我们都有权利不与自己的过去和解。
151,萤火之森,https://img1.doubanio.com/view/photo/s_ratio_poster/public/p1272904657.jpg,8.7,160528人评价,触不到的恋人。
152,7号房的礼物,https://img3.doubanio.com/view/photo/s_ratio_poster/public/p1816276065.jpg,8.7,178703人评价,《我是山姆》的《美丽人生》。
153,哈利·波特与死亡圣器(下),https://img3.doubanio.com/view/photo/s_ratio_poster/public/p917846733.jpg,8.6,278456人评价,10年的完美句点。
154,玩具总动员3,https://img1.doubanio.com/view/photo/s_ratio_poster/public/p1283675359.jpg,8.8,194918人评价,跨度十五年的欢乐与泪水。
155,花样年华,https://img3.doubanio.com/view/photo/s_ratio_poster/public/p1910828286.jpg,8.5,250795人评价,偷情本没有这样美。
156,荒蛮故事,https://img3.doubanio.com/view/photo/s_ratio_poster/public/p2192834364.jpg,8.8,140365人评价,始于荒诞，止于更荒诞。
157,小森林 冬春篇,https://img1.doubanio.com/view/photo/s_ratio_poster/public/p2215147728.jpg,8.9,115953人评价,尊敬他人，尊敬你生活的这片土地，明白孤独是人生的常态。
158,我是山姆,https://img3.doubanio.com/view/photo/s_ratio_poster/public/p652417775.jpg,8.8,105299人评价,爱并不需要智商 。
159,二十二,https://img1.doubanio.com/view/photo/s_ratio_poster/public/p2457609817.jpg,8.8,90826人评价,有一些东西不应该被遗忘。
160,人工智能,https://img1.doubanio.com/view/photo/s_ratio_poster/public/p792257137.jpg,8.6,192055人评价,对爱的执着，可以超越一切。
161,浪潮,https://img3.doubanio.com/view/photo/s_ratio_poster/public/p1344888983.jpg,8.7,133909人评价,世界离独裁只有五天。
162,时空恋旅人,https://img3.doubanio.com/view/photo/s_ratio_poster/public/p2070153774.jpg,8.6,202735人评价,把每天当作最后一天般珍惜度过，积极拥抱生活，就是幸福。
163,冰川时代,https://img1.doubanio.com/view/photo/s_ratio_poster/public/p1910895719.jpg,8.4,275043人评价,松鼠才是角儿。
164,超能陆战队,https://img1.doubanio.com/view/photo/s_ratio_poster/public/p2224568669.jpg,8.6,374331人评价,Balalala~~~
165,唐伯虎点秋香,https://img3.doubanio.com/view/photo/s_ratio_poster/public/p1946455272.jpg,8.4,331483人评价,华太师是黄霑，吴镇宇四大才子之一。
166,香水,https://img1.doubanio.com/view/photo/s_ratio_poster/public/p470006658.jpg,8.4,279022人评价,一个单凭体香达到高潮的男人。
167,朗读者,https://img1.doubanio.com/view/photo/s_ratio_poster/public/p1140984198.jpg,8.5,280945人评价,当爱情跨越年龄的界限，它似乎能变得更久远一点，成为一种责任，一种水到渠成的相濡以沫。 
168,蝙蝠侠：黑暗骑士崛起,https://img3.doubanio.com/view/photo/s_ratio_poster/public/p1706428744.jpg,8.6,298216人评价,诺兰就是保证。
169,心迷宫,https://img3.doubanio.com/view/photo/s_ratio_poster/public/p2275298525.jpg,8.6,164032人评价,荒诞讽刺，千奇百巧，抽丝剥茧，百转千回。
170,追随,https://img1.doubanio.com/view/photo/s_ratio_poster/public/p1150103377.jpg,8.9,82822人评价,诺兰的牛逼来源于内心散发出的恐惧。
171,罗生门,https://img1.doubanio.com/view/photo/s_ratio_poster/public/p1864872647.jpg,8.7,126565人评价,人生的N种可能性。
172,撞车,https://img3.doubanio.com/view/photo/s_ratio_poster/public/p2075132390.jpg,8.6,175926人评价,天使与魔鬼的冲撞。
173,一次别离,https://img3.doubanio.com/view/photo/s_ratio_poster/public/p2189835254.jpg,8.7,133740人评价,只有有信仰的人才能说出事实真相。
174,可可西里,https://img3.doubanio.com/view/photo/s_ratio_poster/public/p2363208684.jpg,8.7,130580人评价,坚硬的信仰。
175,战争之王,https://img3.doubanio.com/view/photo/s_ratio_poster/public/p453719066.jpg,8.5,176249人评价,做一颗让别人需要你的棋子。
176,未麻的部屋,https://img3.doubanio.com/view/photo/s_ratio_poster/public/p1351050722.jpg,8.8,98526人评价,好的剧本是，就算你猜到了结局也猜不到全部。
177,爆裂鼓手,https://img3.doubanio.com/view/photo/s_ratio_poster/public/p2220776342.jpg,8.6,239721人评价,这个世界从不善待努力的人，努力了也不一定会成功，但是知道自己在努力，就是活下去的动力。
178,梦之安魂曲,https://img3.doubanio.com/view/photo/s_ratio_poster/public/p884936202.jpg,8.7,112755人评价,一场没有春天的噩梦。
179,地球上的星星,https://img3.doubanio.com/view/photo/s_ratio_poster/public/p1973489335.jpg,8.8,85389人评价,天使保护事件始末。
180,恐怖游轮,https://img3.doubanio.com/view/photo/s_ratio_poster/public/p462470694.jpg,8.3,326303人评价,不要企图在重复中寻找已经失去的爱。
181,碧海蓝天,https://img3.doubanio.com/view/photo/s_ratio_poster/public/p455722535.jpg,8.7,108527人评价,在那片深蓝中，感受来自大海的忧伤寂寞与美丽自由。
182,达拉斯买家俱乐部,https://img1.doubanio.com/view/photo/s_ratio_poster/public/p2166160837.jpg,8.6,169454人评价,Jared Leto的腿比女人还美！
183,阿飞正传,https://img3.doubanio.com/view/photo/s_ratio_poster/public/p924558512.jpg,8.5,183443人评价,王家卫是一种风格，张国荣是一个代表。
184,牯岭街少年杀人事件,https://img3.doubanio.com/view/photo/s_ratio_poster/public/p848381236.jpg,8.7,107602人评价,弱者送给弱者的一刀。
185,谍影重重2,https://img3.doubanio.com/view/photo/s_ratio_poster/public/p667644866.jpg,8.5,160536人评价,谁说王家卫镜头很晃？
186,谍影重重,https://img3.doubanio.com/view/photo/s_ratio_poster/public/p1597183981.jpg,8.5,193299人评价,哗啦啦啦啦，天在下雨，哗啦啦啦啦，云在哭泣……找自己。
187,被解救的姜戈,https://img1.doubanio.com/view/photo/s_ratio_poster/public/p1959232369.jpg,8.5,261086人评价,热血沸腾，那个低俗、性感的无耻混蛋又来了。
188,秒速5厘米,https://img3.doubanio.com/view/photo/s_ratio_poster/public/p982896012.jpg,8.3,299373人评价,青春就是放弃和怀念。
189,魔女宅急便,https://img1.doubanio.com/view/photo/s_ratio_poster/public/p1637195618.jpg,8.5,195762人评价,宫崎骏的电影总让人感觉世界是美好的，阳光明媚的。
190,惊魂记,https://img3.doubanio.com/view/photo/s_ratio_poster/public/p1021883305.jpg,8.9,83394人评价,故事的反转与反转，分裂电影的始祖。
191,海盗电台,https://img3.doubanio.com/view/photo/s_ratio_poster/public/p769608791.jpg,8.6,165863人评价,生命不止，摇滚不死。
192,再次出发之纽约遇见你,https://img3.doubanio.com/view/photo/s_ratio_poster/public/p2250287733.jpg,8.5,169874人评价,爱我就给我看你的播放列表。
193,忠犬八公物语,https://img3.doubanio.com/view/photo/s_ratio_poster/public/p2297934945.jpg,9.0,59471人评价,养狗三日，便会对你终其一生。
194,青蛇,https://img3.doubanio.com/view/photo/s_ratio_poster/public/p584021784.jpg,8.4,222435人评价,人生如此，浮生如斯。谁人言，花彼岸，此生情长意短。谁都是不懂爱的罢了。
195,东京物语,https://img3.doubanio.com/view/photo/s_ratio_poster/public/p1910832390.jpg,9.2,50788人评价,东京那么大，如果有一天走失了，恐怕一辈子不能再相见。
196,绿里奇迹,https://img3.doubanio.com/view/photo/s_ratio_poster/public/p767586451.jpg,8.7,106997人评价,天使暂时离开。
197,哪吒闹海,https://img1.doubanio.com/view/photo/s_ratio_poster/public/p2163636038.jpg,8.9,80777人评价,想你时你在闹海。
198,末路狂花,https://img3.doubanio.com/view/photo/s_ratio_poster/public/p794583044.jpg,8.7,105032人评价,没有了退路，只好飞向自由。
199,勇闯夺命岛,https://img3.doubanio.com/view/photo/s_ratio_poster/public/p636048104.jpg,8.5,142453人评价,类型片的极致。 
200,终结者2：审判日,https://img3.doubanio.com/view/photo/s_ratio_poster/public/p1910909085.jpg,8.6,141424人评价,少见的超越首部的续集，动作片中的经典。
201,这个男人来自地球,https://img3.doubanio.com/view/photo/s_ratio_poster/public/p513303986.jpg,8.5,180883人评价,科幻真正的魅力不是视觉效果能取代的。 
202,卡萨布兰卡,https://img3.doubanio.com/view/photo/s_ratio_poster/public/p1244791866.jpg,8.6,125092人评价,与同名歌曲无关。
203,荒野生存,https://img1.doubanio.com/view/photo/s_ratio_poster/public/p465687407.jpg,8.6,127860人评价,出门必备：本草纲目。
204,源代码,https://img3.doubanio.com/view/photo/s_ratio_poster/public/p988260245.jpg,8.3,409841人评价,邓肯·琼斯继《月球》之后再度奉献出一部精彩绝伦的科幻佳作。
205,迁徙的鸟,https://img1.doubanio.com/view/photo/s_ratio_poster/public/p2238274168.jpg,9.1,51878人评价,最美的飞翔。
206,新龙门客栈,https://img1.doubanio.com/view/photo/s_ratio_poster/public/p1421018669.jpg,8.5,184344人评价,嬉笑怒骂，调风动月。
207,黑客帝国3：矩阵革命,https://img1.doubanio.com/view/photo/s_ratio_poster/public/p443461818.jpg,8.5,156218人评价,不得不说，《黑客帝国》系列是商业片与科幻、哲学完美结合的典范。
208,头脑特工队,https://img3.doubanio.com/view/photo/s_ratio_poster/public/p2266293606.jpg,8.7,226506人评价,愿我们都不用长大，每一座城堡都能永远存在。
209,变脸,https://img3.doubanio.com/view/photo/s_ratio_poster/public/p2173855883.jpg,8.4,215173人评价,当发哥的风衣、墨镜出现在了凯奇身上⋯⋯
210,城市之光,https://img3.doubanio.com/view/photo/s_ratio_poster/public/p2099815842.jpg,9.2,43984人评价,永远的小人物，伟大的卓别林。
211,E.T. 外星人,https://img3.doubanio.com/view/photo/s_ratio_poster/public/p984732992.jpg,8.5,153268人评价,生病的E.T.皮肤的颜色就像柿子饼。
212,美国丽人,https://img3.doubanio.com/view/photo/s_ratio_poster/public/p571671715.jpg,8.4,185855人评价,每个人的内心都是深不可测的大海。 
213,发条橙,https://img3.doubanio.com/view/photo/s_ratio_poster/public/p529908155.jpg,8.4,186435人评价,我完全康复了。
214,模仿游戏,https://img3.doubanio.com/view/photo/s_ratio_poster/public/p2255040492.jpg,8.5,255239人评价,他给机器起名“克里斯托弗”，因为这是他初恋的名字。
215,黄金三镖客,https://img1.doubanio.com/view/photo/s_ratio_poster/public/p2101693489.jpg,9.1,51367人评价,最棒的西部片。
216,燕尾蝶,https://img3.doubanio.com/view/photo/s_ratio_poster/public/p532195562.jpg,8.6,107997人评价,现实与童话交相辉映的旅程。
217,英国病人,https://img3.doubanio.com/view/photo/s_ratio_poster/public/p2408623752.jpg,8.4,174267人评价,"In memory, love lives forever..."
218,房间,https://img3.doubanio.com/view/photo/s_ratio_poster/public/p2259715855.jpg,8.8,151871人评价,被偷走的岁月，被伤害的生命，被禁锢的灵魂，终将被希望和善意救赎。
219,无耻混蛋,https://img3.doubanio.com/view/photo/s_ratio_poster/public/p770734475.jpg,8.4,223665人评价,昆汀同学越来越变态了，比北野武还杜琪峰。
220,初恋这件小事,https://img3.doubanio.com/view/photo/s_ratio_poster/public/p1505312273.jpg,8.3,461132人评价,黑小鸭速效美白记。
221,叫我第一名,https://img3.doubanio.com/view/photo/s_ratio_poster/public/p496133870.jpg,8.6,108768人评价,乐观比一切都有力量。
222,非常嫌疑犯,https://img3.doubanio.com/view/photo/s_ratio_poster/public/p470383576.jpg,8.6,116415人评价,我不信仰上帝，但我敬畏上帝。
223,穆赫兰道,https://img3.doubanio.com/view/photo/s_ratio_poster/public/p792248233.jpg,8.3,235037人评价,大卫·林奇的梦境迷宫。
224,勇士,https://img3.doubanio.com/view/photo/s_ratio_poster/public/p1145536386.jpg,8.9,87574人评价,热血沸腾，相当完美的娱乐拳击大餐。
225,爱在午夜降临前,https://img1.doubanio.com/view/photo/s_ratio_poster/public/p2074715729.jpg,8.8,115668人评价,所谓爱情，就是话唠一路，都不会心生腻烦，彼此嫌弃。
226,上帝也疯狂,https://img1.doubanio.com/view/photo/s_ratio_poster/public/p2173719647.jpg,8.6,96027人评价,纯净原始的笑与感动。
227,一个叫欧维的男人决定去死,https://img3.doubanio.com/view/photo/s_ratio_poster/public/p2406624993.jpg,8.7,114103人评价,惠及一生的美丽。
228,无敌破坏王,https://img3.doubanio.com/view/photo/s_ratio_poster/public/p1735642656.jpg,8.6,184249人评价,迪士尼和皮克斯拿错剧本的产物。
229,国王的演讲,https://img1.doubanio.com/view/photo/s_ratio_poster/public/p768879237.jpg,8.3,339478人评价,皇上无话儿。
230,疯狂的石头,https://img3.doubanio.com/view/photo/s_ratio_poster/public/p712241453.jpg,8.2,312947人评价,中国版《两杆大烟枪》。
231,蓝色大门,https://img3.doubanio.com/view/photo/s_ratio_poster/public/p584822570.jpg,8.3,272618人评价,青春的窃窃私语。 
232,血钻,https://img3.doubanio.com/view/photo/s_ratio_poster/public/p1244017073.jpg,8.5,131157人评价,每个美丽事物背后都是滴血的现实。
233,枪火,https://img3.doubanio.com/view/photo/s_ratio_poster/public/p1538646661.jpg,8.6,99536人评价,一群演技精湛的戏骨，奉献出一个精致的黑帮小品，成就杜琪峰群戏的巅峰之作。
234,爱·回家,https://img3.doubanio.com/view/photo/s_ratio_poster/public/p2107418134.jpg,9.0,47203人评价,献给所有外婆的电影。
235,大卫·戈尔的一生,https://img1.doubanio.com/view/photo/s_ratio_poster/public/p2186861098.jpg,8.6,92145人评价,捍卫人权只是信仰，一点不妨碍其行为的残忍。
236,步履不停,https://img1.doubanio.com/view/photo/s_ratio_poster/public/p672446737.jpg,8.8,69795人评价,日本的家庭电影已经是世界巅峰了，步履不停是巅峰中的佳作。
237,无人知晓,https://img3.doubanio.com/view/photo/s_ratio_poster/public/p661160053.jpg,9.0,52949人评价,我的平常生活就是他人的幸福。
238,遗愿清单,https://img3.doubanio.com/view/photo/s_ratio_poster/public/p708613284.jpg,8.5,127458人评价,用剩余不多的时间，去燃烧整个生命。
239,你的名字。,https://img1.doubanio.com/view/photo/s_ratio_poster/public/p2395733377.jpg,8.5,455013人评价,
240,千钧一发,https://img3.doubanio.com/view/photo/s_ratio_poster/public/p2195672555.jpg,8.7,85174人评价,一部能引人思考的科幻励志片。
241,彗星来的那一夜,https://img3.doubanio.com/view/photo/s_ratio_poster/public/p2187896711.jpg,8.4,174293人评价,小成本大魅力。
242,荒岛余生,https://img1.doubanio.com/view/photo/s_ratio_poster/public/p1341248319.jpg,8.5,133057人评价,一个人的独角戏。
243,麦兜故事,https://img3.doubanio.com/view/photo/s_ratio_poster/public/p804938713.jpg,8.5,127701人评价,麦兜是一只很哲学的猪。 
244,我爱你,https://img1.doubanio.com/view/photo/s_ratio_poster/public/p1075591188.jpg,9.0,56636人评价,你要相信，这世上真的有爱存在，不管在什么年纪 
245,暖暖内含光,https://img3.doubanio.com/view/photo/s_ratio_poster/public/p479565065.jpg,8.4,144245人评价,恋爱是一次神经的冒险。就算失去记忆，也会爱上你。
246,曾经,https://img3.doubanio.com/view/photo/s_ratio_poster/public/p2173720203.jpg,8.3,202596人评价,有些幸福无关爱情。
247,月球,https://img3.doubanio.com/view/photo/s_ratio_poster/public/p449399746.jpg,8.5,142906人评价,2009媲美《第九区》的又一部科幻神作。
248,蝴蝶,https://img3.doubanio.com/view/photo/s_ratio_poster/public/p1451436171.jpg,8.6,94782人评价,我们长途跋涉寻找的东西，有可能一直就在身边。 
249,巴黎淘气帮,https://img1.doubanio.com/view/photo/s_ratio_poster/public/p465446537.jpg,8.6,103979人评价,四百击的反面。
250,与狼共舞,https://img1.doubanio.com/view/photo/s_ratio_poster/public/p499158228.jpg,8.9,55684人评价,充满诗意与情怀的史诗作品。 
